Company,Year,Records,Organization_type,Method
1177 Care Guide,2020,"2,700,000.00",Healthcare,Third-party
1to1help,2020,"300,000.00",Healthcare,Misconfiguration
3fun,2020,"1,500,000.00",App,Misconfiguration
Adobe Inc.,2020,"7,500,000.00",Tech,Misconfiguration
AgusiQ-Torrents.pl,2020,"90,478.00",Web,Hacked
Air New Zealand,2020,"100,000.00",Airline,Hacked
Amadeus IT Group,2020,"15,000,000.00",Hospitality,Hacked
AMC Networks,2020,"1,615,360.00",Other,Misconfiguration
American Medical Collection Agency,2020,"20,000,000.00",Healthcare,Hacked
Armor Games,2020,"10,604,307.00",Gaming,Hacked
ArtValue,2020,"157,692.00",Web,Misconfiguration
Australian National University,2020,"200,000.00",Education,Hacked
Authentic Jobs,2020,"221,130.00",Web,Misconfiguration
Best Western Hotels & Resorts Group,2020,1,Hospitality,Misconfiguration
BlackSpigotMC,2020,"140,029.00",Web,Hacked
Bodybuilding.com,2020,"7,000,000.00",Web,Hacked
BreedReady,2020,"1,800,000.00",Web,Misconfiguration
BriansClub,2020,"26,000,000.00",Web,Hacked
British American Tobacco (BAT) - YOUniverse,2020,1,Retail,Misconfiguration
Bulgarian National Revenue Agency,2020,"5,000,000.00",Government,Hacked
Cadlin,2020,"1,185,000.00",Healthcare,Misconfiguration
CafePress,2020,"23,205,290.00",Retail,Hacked
Calcioshop.it,2020,"408,995.00",Retail,Misconfiguration
Camgirl Sites,2020,1,Web,Misconfiguration
Canva,2020,"137,272,116.00",Web,Hacked
Capital One,2020,"106,000,000.00",Financial,Hacked
Cashkaro,2020,"2,500,000.00",Financial,Misconfiguration
Cayman National Bank,2020,1,Financial,Hacked
Cebuana Lhuillier,2020,"900,000.00",Financial,Hacked
CenturyLink,2020,"2,800,000.00",Telecoms,Misconfiguration
Checkers & Rally,2020,1,Hospitality,Hacked
Chile Citizens,2020,"14,300,000.00",Government,Misconfiguration
Choice Hotels,2020,"700,000.00",Hospitality,Third-party
Chtrbox,2020,"49,000,000.00",Tech,Misconfiguration
ClearDent,2020,"60,000.00",Healthcare,Misconfiguration
Clover Sites,2020,"65,800.00",Web,Misconfiguration
Club Penguin Rewritten,2020,"4,007,909.00",Gaming,Hacked
Comodo,2020,"170,000.00",Web,Hacked
Conor,2020,"1,000,000.00",Tech,Misconfiguration
Cracked.to,2020,"749,161.00",Web,Hacked
Credia.ge,2020,"142,571.00",Financial,Misconfiguration
Credit Union Australia,2020,"92,000.00",Financial,Hacked
Dalili,2020,"5,000,000.00",Telecoms,Misconfiguration
Datacamp,2020,"700,000.00",Web,Hacked
Dealer Deals,2020,"198,000,000.00",Web,Misconfiguration
Deardorff Communications,2020,"261,300.00",Telecoms,Misconfiguration
DeepThinkHealth,2020,"700,000.00",Healthcare,Misconfiguration
Demon Forums,2020,"52,623.00",Web,Hacked
Desjardins,2020,"2,900,000.00",Financial,Insider Job
DKLOK,2020,1,Other,Misconfiguration
Docker Hub,2020,"190,000.00",Tech,Hacked
Dominion National,2020,"2,964,778.00",Healthcare,Hacked
DoorDash,2020,"4,900,000.00",Tech,Third-party
Dow Jones Watchlist,2020,"2,418,862.00",Hospitality,Third-party
EatStreet,2020,"6,353,564.00",Hospitality,Hacked
Ecuadorian Citizens,2020,"20,800,000.00",Government,Misconfiguration
Electronic Settlements Limited,2020,"2,590,000.00",Financial,Misconfiguration
Electronic Settlements Limited,2020,"8,000,000.00",Financial,Misconfiguration
EpicBot,2020,"816,662.00",Web,Hacked
Everybody Edits,2020,"871,190.00",Web,Hacked
Facebook,2020,"419,000,000.00",Tech,Misconfiguration
Facebook,2020,"540,000,000.00",Tech,Third-party
FamilaFacil,2020,"551,587.00",Web,Misconfiguration
Federal Emergency Management Agency (FEMA),2020,"2,300,000.00",Government,Oops
First American Corporation,2020,"885,000,000.00",Financial,Misconfiguration
Flash Flash Revolution,2020,"1,858,124.00",Gaming,Hacked
Flipboard,2020,"145,000,000.00",Tech,Hacked
Fortnite,2020,"200,000,000.00",Gaming,Misconfiguration
Freedom Mobile,2020,"1,500,000.00",Telecoms,Misconfiguration
GameSalad,2020,"1,506,242.00",Web,Hacked
Garmin,2020,1,Retail,Hacked
Gartner,2020,"155,000,000.00",Tech,Misconfiguration
GateHub,2020,"1,408,078.00",Web,Hacked
Gearbest,2020,"1,500,000.00",Web,Misconfiguration
Geisinger Health Plan,2020,1,Healthcare,Third-party
Gekko Group,2020,"1,000,000.00",Hospitality,Misconfiguration
Georgia Tech,2020,"1,300,000.00",Education,Hacked
Groupe Phosphore - Henrri,2020,"27,286.00",Web,Misconfiguration
Groupe Phosphore - Rivalis,2020,"339,787.00",Web,Misconfiguration
Health sciences Authority,2020,"808,201.00",Healthcare,Third-party
Honda Motor Company,2020,"134,000,000.00",Automobile,Misconfiguration
Honda Motor Company,2020,"26,000.00",Automobile,Misconfiguration
Hookers.nl,2020,"290,955.00",Web,Hacked
Hostinger,2020,"14,000,000.00",Web,Hacked
Hy-vee,2020,"5,300,000.00",Hospitality,Hacked
Immediata Health Group,2020,"1,500,000.00",Healthcare,Misconfiguration
India Government Healthcare Agnecy,2020,"12,500,000.00",Healthcare,Misconfiguration
Indian Citizens,2020,"275,265,298.00",Web,Misconfiguration
ixigo,2020,"17,204,697.00",Web,Hacked
Jana Cash,2020,"2,600,000.00",Financial,Third-party
Jcrush,2020,"200,000.00",Tech,Misconfiguration
Justdial,2020,"100,000,000.00",Tech,Misconfiguration
K12.com,2020,"6,988,504.00",Education,Misconfiguration
kent State University,2020,"3,000.00",Education,Hacked
La Poste,2020,"23,000,000.00",Government,Misconfiguration
Labcorp,2020,"7,700,000.00",Healthcare,Third-party
Ladders,2020,"13,000,000.00",Web,Misconfiguration
Landmark White,2020,"270,000.00",Retail,Insider Job
Leadership for Educational Equity (LEE),2020,"3,690,000.00",Other,Misconfiguration
Libreria Porrua,2020,"1,018,997.00",Web,Misconfiguration
LifeLabs,2020,"15,000,000.00",Healthcare,Hacked
LightInTheBox,2020,1,Web,Misconfiguration
Lion Group,2020,"30,000,000.00",Airline,Insider Job
"Love, Bonito",2020,1,Web,Hacked
Lumin PDF,2020,"15,453,048.00",Web,Hacked
Luscious,2020,"1,200,000.00",Web,Misconfiguration
Macy,2020,1,Retail,Hacked
Mastercard Priceless Specials,2020,"89,388.00",Financial,Hacked
Medicare Supplement.com,2020,"5,000,000.00",Healthcare,Misconfiguration
Medico,2020,"307,139.00",Healthcare,Third-party
Methodist HospitalS,2020,"68,039.00",Healthcare,Hacked
Mindjolt,2020,"28,364,826.00",Web,Hacked
Minehut,2020,"396,533.00",Web,Hacked
Ministry of Health (Singapore),2020,"14,200.00",Healthcare,Insider Job
MixCloud,2020,"21,000,000.00",Web,Hacked
Mountberg Limited Casinos,2020,"108,000,000.00",Web,Misconfiguration
MoviePass,2020,"161,000,000.00",Web,Misconfiguration
NAIIS,2020,"80,000.00",Healthcare,Misconfiguration
Neoclinical,2020,"37,000.00",Healthcare,Misconfiguration
OnePlus,2020,1,Tech,Hacked
Operation Intelimost,2020,"3,073,409.00",Web,Misconfiguration
Ordine Avvocati di Roma,2020,"41,960.00",Other,Hacked
Orvibo,2020,"1,000,000.00",Tech,Misconfiguration
Orvis,2020,1,Retail,Oops
Panama Citizens,2020,"3,427,396.00",Government,Misconfiguration
PayMyTab,2020,"10,000.00",Web,Misconfiguration
PDL Customer,2020,"622,161,052.00",Web,Misconfiguration
Poshmark,2020,"50,000,000.00",Retail,Hacked
Pouringpounds,2020,"1,000,000.00",Financial,Misconfiguration
PrankDial,2020,"138,000,000.00",Telecoms,Misconfiguration
Pyramid Hotel Group,2020,1,Hospitality,Misconfiguration
Quest Diagnostics,2020,"11,900,000.00",Healthcare,Third-party
Quickbit,2020,"300,000.00",Web,Misconfiguration
Russian Citizens,2020,"20,000,000.00",Government,Misconfiguration
SavingStar,2020,"3,000,000.00",App,Misconfiguration
Sberbank,2020,"18,000,000.00",Financial,Insider Job
Sephora,2020,"3,200,000.00",Web,Oops
Sichuan Lianhao Technology Group Co. Ltd (Smart Family Doctor),2020,"24,000,000.00",Healthcare,Misconfiguration
Social Engineered,2020,"89,392.00",Web,Hacked
Sonic Jobs,2020,"29,202.00",Web,Misconfiguration
Stella Prism,2020,"300,000.00",Healthcare,Misconfiguration
Steps to Recovery,2020,"145,000.00",Healthcare,Misconfiguration
StockX,2020,"7,431,360.00",Web,Hacked
Suprema,2020,"28,000,000.00",Tech,Misconfiguration
T-Mobile,2020,"1,000,000.00",Telecoms,Hacked
Tech Data Corporation,2020,1,Financial,Misconfiguration
ToonDoo,2020,"6,002,694.00",Web,Hacked
Toyota,2020,"3,100,000.00",Automobile,Hacked
Transerve,2020,"458,388.00",Tech,Misconfiguration
TrendMicro,2020,"68,000.00",Tech,Insider Job
TrueDialog,2020,"100,000,000.00",Tech,Misconfiguration
Tu Ora Compass Health,2020,"1,000,000.00",Healthcare,Hacked
Tuft & Needle,2020,"236,400.00",Retail,Misconfiguration
UAB Alabama,2020,"20,000.00",Healthcare,Hacked
UniCredit,2020,"3,000,000.00",Financial,Hacked
Universiti Teknologi MARA,2020,"1,164,540.00",Education,Hacked
Facebook,2020,"267,140,436.00",Web,Misconfiguration
US Birth Certificates,2020,"752,000.00",Government,Misconfiguration
US Customers and Border Protection,2020,"100,000.00",Government,Third-party
US Households,2020,"80,000,000.00",Web,Misconfiguration
Vascepa,2020,"78,000.00",Healthcare,Misconfiguration
Vedantu,2020,"686,899.00",Education,Misconfiguration
Veed.io,2020,1,Web,Misconfiguration
Verifications.io,2020,"763,117,241.00",Web,Misconfiguration
Verlo Mattress Factory,2020,"387,604.00",Web,Misconfiguration
Vistaprint,2020,"51,000.00",Web,Misconfiguration
void.to,2020,"95,431.00",Web,Hacked
VoterVoice,2020,"300,000.00",Government,Misconfiguration
web.com,2020,"22,000,000.00",Web,Hacked
WeDidIt,2020,"7,500,000.00",Web,Misconfiguration
Westpac,2020,"98,000.00",Financial,Hacked
Whirlpool,2020,"48,000.00",Tech,Misconfiguration
Wiener Buchereien,2020,"224,119.00",Web,Hacked
Wifi Finder,2020,"2,000,000.00",App,Misconfiguration
Wirecard AG,2020,"4,367,040.00",Tech,Hacked
Wizards of the Coast,2020,"452,634.00",Web,Misconfiguration
XKCD Forum,2020,"561,991.00",Tech,Hacked
xSocialMedia,2020,"150,000.00",Tech,Misconfiguration
YouHodler,2020,"80,000,000.00",Tech,Misconfiguration
YouNow,2020,"18,241,518.00",Web,Hacked
Yves Rocher,2020,"2,500,000.00",Retail,Misconfiguration
Zooville,2020,"71,407.00",Web,Hacked
Zynga,2020,"218,000,000.00",Tech,Hacked
Wyze,2020,"2,400,000.00",Tech,Misconfiguration
The Cabinet Office,2020,"1,000.00",Government,Oops
Big Asian Data Leak,2020,"2,700,000,000.00",Web,Misconfiguration
Posta Electtronica Certificata (PEC),2020,1,Web,Misconfiguration
Wawa,2020,1,Retail,Hacked
Evite,2020,"10,000,000.00",Web,Hacked
Twitter,2020,"17,000,000.00",Tech,Oops
Texas Lottery,2020,"89,000",government,inside job
TikTok,2020,"42,000,000",tech,poor security
Nintendo (Nintendo Account),2020,"160,000",tech,hacked
Tetrad,2020,"120,000,000",organization,poor security
CheckFree Corporation,2020,"5,000,000",organization,hacked
Brooke Army Medical Center,2020,"1,000",medical,Theft
"Mid America Kidney Stone Association, LLC",2020,"1,000",medical,hacked
"medical for Children with Special Needs, Inc.",2020,"3,800",medical,Loss
"Mark D. Lurie, MD",2020,"5,166",medical,hacked
Yale University,2020,"43,000",academic,accidentally published
TD Ameritrade,2020,"6,300,000",organization,hacked
RBS Worldpay,2020,"1,500,000",organization,hacked
Service Personnel and Veterans Agency (UK),2020,"50,500",government,lost / stolen media
Norwegian Tax Administration,2020,"3,950,000",government,accidentally published
Automatic Data Processing,2020,"125,000",organization,poor security
Lincoln Medical & Mental Health Center,2020,"130,495",medical,lost / stolen media
SlickWraps,2020,"377,428",organization,poor security
Monster.com,2020,"1,600,000",tech,hacked
Gap Inc.,2020,"800,000",organization,lost / stolen computer
Colorado government,2020,"105,470",medical,lost / stolen computer
National Archives and Records Administration (U.S. military veterans records),2020,"76,000,000",military,lost / stolen media
Griffin Hospital,2020,957,medical,Hacking/IT Incident
"Hypertension, Nephrology, Dialysis and Transplantation, PC",2020,"2,465",medical,hacked
"Computer Program and Systems, Inc. (CPSI)",2020,768,tech,hacked
DSW Inc.,2020,"1,400,000",organization,hacked
Embassy Cables,2020,"251,000",government,inside job
"AvMed, Inc.",2020,"1,220,000",medical,lost / stolen computer
BlueCross BlueShield of Tennessee,2020,"1,023,209",medical,lost / stolen media
Ameritrade,2020,"200,000",organization,lost / stolen media
"University of Louisville Research Foundation, Inc., DBA The Kidney Disease Program",2020,708,academic,Hacking/IT Incident
Betsson Group,2020,0,tech,unknown
Clearview AI,2020,"3,000,000,000",information technology,hacked
Koodo Mobile,2020,0,mobile carrier,hacked
U.S. government (United States diplomatic cables leak),2020,"260,000",government,inside job
Hewlett Packard,2020,"200,000",tech,lost / stolen media
Virgin Media,2020,"900,000",organization,accidentally exposed
Heartland,2020,"130,000,000",organization,hacked
TK / TJ Maxx,2020,"94,000,000",organization,hacked
Unknown agency,2020,"200,000,000",organization,accidentally published
Citigroup,2020,"3,900,000",organization,lost / stolen media
University of Utah Hospital & Clinics,2020,"2,200,000",academic,lost / stolen media
Marriott International,2020,"5,200,000",organization,poor security/inside job
Instagram,2020,"200,000,000",tech,poor security
AOL,2020,"92,000,000",tech,"inside job, hacked"
Dai Nippon Printing,2020,"8,637,405",organization,inside job
Countrywide Financial Corp,2020,"2,600,000",organization,inside job
AT&T,2020,"114,000",tech,hacked
Educational Credit Management Corporation,2020,"3,300,000",organization,lost / stolen media
Betfair,2020,"2,300,000",tech,hacked
AOL,2020,"20,000,000",tech,accidentally published
UK Driving Standards Agency,2020,"3,000,000",government,lost / stolen media
U.S. Army,2020,"392,000",government,inside job
U.S. Department of Defense,2020,"72,000",government,lost / stolen media
Auction.co.kr,2020,"18,000,000",tech,hacked
New York City Health & Hospitals Corp.,2020,"1,700,000",medical,lost / stolen media
Data Processors International,2020,"8,000,000",organization,hacked
Gawker,2020,"1,500,000",tech,hacked
Wawa (company),2020,"30,000,000",organization,hacked
UK Ministry of Defence,2020,"1,700,000",government,lost / stolen media
EasyJet,2020,"9,000,000",organization,hacked
CardSystems Solutions Inc.,2020,"40,000,000",organization,hacked
Stanford University,2020,"72,000",academic,lost / stolen computer
Federal Reserve Bank of Cleveland,2020,"400,000",organization,hacked
UK Revenue & Customs,2020,"25,000,000",government,lost / stolen media
"Affinity Health Plan, Inc.",2020,"344,579",medical,lost / stolen media
DentaQuest,2020,"10,515",organization,hacked
Comprehensive Care Management Corporation,2020,"1,020",medical,lost
The Children's Medical Center of Dayton,2020,"1,001",medical,theft
University of Kentucky,2020,"2,027",medical,hacked
alma aguado md pa,2020,600,medical,hacked
"Augusta Data Storage, Inc",2020,"14,000",organization,lost
University Health System,2020,"7,526",medical,hacked
RockYou!,2020,"32,000,000",tech,hacked
"T-Mobile, Deutsche Telekom",2020,"17,000,000",tech,lost / stolen media
Network Solutions,2020,"573,000",tech,hacked
UK Home Office,2020,"84,000",government,lost / stolen media
Memorial Hospital of Gardena,2020,771,medical,Unauthorized access
Oklahoma City VA Medical Center,2020,"1,950",medical,lost
Kings County Hospital Center,2020,542,medical,theft
University of Tennessee Medical Center,2020,"8,200",medical,hacked
zarzamora family dental care,2020,800,medical,hacked
Hospital Auxilio Mutuo,2020,"1,000",medical,it incident
"Gair Medical Transcription Services, Inc.",2020,"1,085",organization,hacked
University of Miami,2020,"2,100,000",academic,lost / stolen computer
Health Net,2020,"500,000",medical,lost / stolen media
The Bank of New York Mellon,2020,"12,500,000",organization,lost / stolen media
"Ankle & Foot Center of Tampa Bay, Inc.",2020,"156,000",medical,hacked
JailCore,2020,"36,000",government,poor security
"Emergency Healthcare Physicians, Ltd.",2020,"180,111",medical,lost / stolen media
Compass Bank,2020,"1,000,000",organization,inside job
Ministry of Education (Chile),2020,"6,000,000",government,accidentally published
City and Hackney Teaching Primary Care Trust,2020,"160,000",medical,lost / stolen media
AT&T,2020,"113,000",tech,lost / stolen computer
Hannaford Brothers Supermarket Chain,2020,"4,200,000",organization,hacked
JP Morgan Chase,2020,"2,600,000",organization,lost / stolen media
YouTube,2020,"4,000,000",tech,poor security
"Jefferson County, West Virginia",2020,"1,600,000",government,accidentally published
GS Caltex,2020,"11,100,000",organization,inside job
U.S. Department of Veteran Affairs,2020,"26,500,000",government,lost / stolen computer
"University of California, Berkeley",2020,"160,000",academic,hacked
Virginia Prescription Monitoring Program,2020,"531,400",medical,hacked
Starbucks,2020,"97,000",organization,lost / stolen computer
Virginia Department of Health,2020,"8,257,378",government,hacked
Fidelity National Information Services,2020,"8,500,000",organization,inside job
Ohio State University,2020,"760,000",academic,hacked
"South Shore Hospital, Massachusetts",2020,"800,000",medical,lost / stolen media
KDDI,2020,"4,000,000",tech,hacked
"Seacoast Radiology, PA",2020,"231,400",medical,hacked
Puerto Rico Department of Health,2020,"515,000",medical,hacked
National Guard of the United States,2020,"131,000",military,lost / stolen computer
CheckPeople,2020,"56,000,000",organization,unknown
"Triple-S Salud, Inc.",2020,"398,000",medical,lost / stolen media
Bank of America,2020,"1,200,000",organization,lost / stolen media
oneclass,2020,"1,000,000",academic,hacked
Bluekai,2020,"2,000,000,000",organization,hacked
Postbank,2020,"8,000,000",organization,hacked
Keepnet Labs,2020,"50,000,000,000",organization,hacked
 CPA ,2020,"329,000",tech,hacked
 Truecaller,2020,"4,750,000",tech,hacked
 LiveJournal,2020,"26,300,000",organization,hacked
AIS,2020,"8,300,000,000",organization,hacked
 Mathway,2020,"2,500,000",academic,hacked
EHTERAZ,2020,"100,000,000",tech,hacked
 Indonesia,2020,"2,300,000",government,hacked
EasyJet,2020,"9,000,000",organization,hacked
CDEC ,2020,"9,000,000",organization,hacked
 MobiFriends,2020,"3,700,000",organization,hacked
Unacademy,2020,"21,909,707",academic,hacked
Tokopedia,2020,"9,100,000",organization,hacked
ExecuPharm,2020,"5,600,000",medical,hacked
Nintendo,2020,"160,000",tech,hacked
GoDaddy,2020,"28,000",tech,hacked
Marriott,2020,"5,200,000",organization,hacked
 Norwegian Cruise Line,2020,"3,700,000",organization,hacked
Rogers,2020,"78,000",tech,hacked
Princess Cruises,2020,"69,000",organization,hacked
 The Dutch Government,2020,"6,900,000",government,hacked
"Antheus Tecnologia,",2020,"810,000,000",tech,hacked
goth,2020,"201,162,598",organization,hacked
Virgin Media,2020,"9,000,000",tech,hacked
"Slickwraps,",2020,"330,000",organization,hacked
The United Nations,2020,"51,600,000",organization,hacked
LabCorp,2020,"10,000",organization,hacked
Wyze,2020,"2,400,000",tech,hacked
Wawa,2020,"550,000",organization,hacked
 Facebook,2020,"26,700,000", tech,hacked
LifeLabs,2020,"1,500,000",medical,hacked
OnePlus,2020,"450,000",tech,hacked
T-Mobile,2020,"1,000,000",tech,hacked
MIcrosoft,2020,250000000,tech,hacked
Toyota,2020,120000000,organization,hacked
ÒUniCredit,2020,3000000,organization,hacked
7Eleven,2020,5000000,tech,hacked
Web.com,2020,10000000,organization,hacked
Malindo Air,2020,20000000,organization,hacked
Novaestrat,2020,20000000,tech,data breach
Get,2020,50000,tech,hacked
ÒHostinger,2020,14000000,tech,data breach
Suprema,2020,1000000,tech,hacked
CafePress,2020,23000000,organization,hacked
Poshmark,2020,50000000,organization,hacked
Capital One,2020,100000000,organization,hacked
QuickBit,2020,300000,organization,hacked
Bulgariaås National Revenue Agency,2020,5000000,organization,hacked
Los Angeles County Department of medical,2020,14600,medical,hacked
Maryland Department of Labor,2020,78000,organization,hacked
ÒNASA,2020,524288000,organization,hacked
Emuparadise,2020,11000000,tech,hacked
Labcorp,2020,7700000,medical,hacked
Quest Diagnostics,2020,11900000,medical,hacked
Checkers Restaurants,2020,20000,organization,hacked
Flipboard,2020,120000,tech,hacked
Canva,2020,1390000000,tech,hacked
Chtrbox,2020,490000000,organization,hacked
AMC Networks,2020,1600000,tech,data breach
Microsoft Email Services,2020,10200000,tech,hacked
Facebook,2020,5400000000,tech,data breach
"Texas Health Care, P.L.L.C.",2020,554,medical,lost
Wm. Jennings Bryan Dorn VAMC,2020,7405,medical,it incident
John J. Pershing VA Medical Center,2020,589,medical,theft
Oregon Health & Science University,2020,1076,organization,hacked
Valley Mental Health,2020,700,medical,data breach
Laboratory Corporation of America,2020,1580,organization,it incident
"Arizona Counseling & Treatment Services, LLC",2020,3800,medical,lost
University of Rochester Medical Center & Affiliates,2020,537,organization,hacked
AssuranceMD f/k/a Harbor Group,2020,22000,organization,hacked
"North Atlantic Telecom, Inc.",2020,539,medical,lost
"E-dreamz, Inc.",2020,1924,medical,hacked
Dent Neurologic Institute,2020,10000,organization,theft
Lutheran Social Services of South Central Pennsylvania,2020,7803,organization,hacked
Health Resources of Arkansas,2020,1900,medical,hacked
University of Florida,2020,5875,medical,lost
Palm Beach County Health Department,2020,877,organization,hacked
"Gulf Breeze Family Eyecare, Inc",2020,9626,organization,lost
Jacksonville Spine Center,2020,5200,medical,hacked
Iowa Department of Human Services,2020,7335,medical,it incident
CVS Caremark,2020,4305,medical,hacked
"South Florida Neurology Associates, P.A.",2020,900,medical,data breach
Family Health Network,2020,3133,medical,lost
ZDI,2020,4718,medical,hacked
Children's Medical Center of Dallas,2020,2462,organization,hacked
Shred-it International Inc.,2020,277014,medical,theft
Illinois Department of Healthcare and Family Services,2020,251,medical,hacked
"GEO Care, LLC",2020,710,medical,theft
Rocky Mountain Spine Clinic,2020,532,medical,hacked
"Vitreo-Retinal Medical Group, Inc. ",2020,1837,medical,data breach
Baylor All Saints Medical Center at Fort Worth,2020,940,medical,hacked
M2ComSys Inc.,2020,32151,organization,it incident
"Advocate Health and Hospitals Corporation, d/b/a Advocate Medical Group",2020,4029530,organization,hacked
"Summit Community Care Clinic, Inc.",2020,921,organization,it incident
Kaiser Foundation Health Plan of the Northwest,2020,647,medical,data breach
"Hankyu Chung, M.D.",2020,2182,medical,hacked
"ICS Collection Service, Inc.",2020,1290,organization,it incident
"NHC HealthCare, Mauldin",2020,4204,medical,hacked
Group Health Cooperative,2020,1015,organization,hacked
CaroMont Medical Group,2020,1310,medical,hacked
Saint Louis University,2020,3100,organization,hacked
BlackHawk,2020,7120,medical,lost
Rose Medical Center,2020,606,medical,it incident
"Hope Community Resources, Inc.",2020,1556,medical,hacked
Texas Health Presbyterian Dallas Hospital,2020,949,organization,hacked
Ferris State University MI College of Optometry,2020,3947,medical,data breach
"none, Seton Healthcare Family",2020,5500,medical,data breach
"Martin Luther King Jr. Health Center, Inc.",2020,37000,medical,it incident
AHMC Healthcare Inc. and affiliated Hospitals,2020,729000,medical,hacked
"Greater Dallas Orthopaedics, PLLC",2020,5840,organization,hacked
"Spirit Home Health Care, Corp",2020,603,medical,theft
Comprehensive Psychological Services LLC,2020,3500,medical,lost
Genesis Rehabilitation Services,2020,1167,organization,it incident
"Colorado Health & Wellness, Inc.",2020,651,organization,theft
DaVita,2020,11500,medical,it incident
North Carolina Department of Health and Human Services - Division of State Operated Health Care Facilities,2020,1315,medical,hacked
Kemmet Dental Design,2020,2000,medical,hacked
All Source Medical Management,2020,1456,medical,lost
Memorial Sloan-Kettering Cancer Center,2020,2279,medical,hacked
Health Fitness Corporation,2020,3804,organization,hacked
Ronald Schubert MD PLLC,2020,950,organization,hacked
"UW Medicine, Privacy Manager - Breach",2020,76183,medical,it incident
City of Chicago,2020,2080,medical,hacked
"American Anesthesiology, Inc.",2020,1000,medical,hacked
Medical Mutual of Ohio,2020,643,organization,data breach
"Quality Health Claims Consultants, LLC",2020,1573,organization,data breach
The Good Samaritan Health Center,2020,5000,medical,it incident
PruittHealth Corporation,2020,4500,medical,lost
Walgreen Co.,2020,17350,medical,hacked
Methodist Dallas Medical Center,2020,44000,organization,hacked
Florida Digestive Health Specialists,2020,4400,medical,hacked
"Northside Hospital, Inc.",2020,4879,medical,theft
"Health Help, Inc.",2020,535,medical,hacked
L.A. Gay & Lesbian Center,2020,59000,medical,hacked
Mosaic,2020,3857,medical,lost
DeLoach & Williamson,2020,3432,organization,hacked
"Rob Meaglia, DDS",2020,1400,medical,data breach
Phoebe Putney Memorial Hospital,2020,6989,organization,theft
Coulee Medical Center,2020,2500,medical,hacked
"RevSpring, Inc.",2020,3000,medical,hacked
"101 Family Medical Group, Privacy Manager Breach",2020,2500,organization,lost
Virginia Premier Health Plan (VPHP),2020,25513,medical,it incident
Southwest General Health Center,2020,953,medical,hacked
"RGH Enterprises, Inc.",2020,4230,medical,hacked
"Alamo Consumer Direct, LLC",2020,10000,medical,hacked
Health Dimensions,2020,5370,medical,data breach
"Robert B. Neves, M.D.",2020,611,medical,hacked
"Triple-S Salud, Inc. - Breach Case#2",2020,398000,medical,hacked
"Birmingham Printing and Publishing, Inc dba Paper Airplane",2020,1085,medical,hacked
University of Wisconsin-Madison School of Pharmacy,2020,41437,medical,lost
Beebe Medical Center,2020,1883,medical,it incident
St Joseph Health System,2020,405000,medical,theft
WA State Department of Social & medical,2020,3104,medical,hacked
"StayWell Health Management, LLC",2020,10024,medical,hacked
"StayWell Health Management, LLC",2020,4786,medical,theft
"PracMan, Inc.",2020,1179,medical,data breach
Iowa Dept. of Human Services,2020,2042,medical,data breach
Hospitalists of Arizona,2020,1706,medical,data breach
TMA Practice Management Group,2020,2260,medical,hacked
Berea College,2020,1000,medical,lost
Yellowstone Boys and Girls Ranch,2020,543,medical,lost
NOVA Chiropractic & Rehab Center,2020,5534,organization,theft
Palomar Health,2020,5499,medical,hacked
Medical Center of Plano,2020,1000,medical,data breach
Indian Health Service,2020,214000,medical,it incident
Cigna,2020,527,organization,hacked
Greenwood Leflore Hospital,2020,3750,medical,it incident
Larsen Dental Care LLC,2020,6900,medical,hacked
Centura Health,2020,12286,medical,it incident
Baylor Medical Center at McKinney,2020,1253,organization,hacked
Baylor Medical Center at Irving,2020,2308,organization,hacked
HealthTexas Provider Network,2020,2742,medical,lost
"Porter, MD, Steven",2020,1200,medical,hacked
"Molina Healthcare of New Mexico, Inc.",2020,4744,medical,hacked
Blue Cross Blue Shield of Michigan Blue Care Network,2020,502,organization,hacked
"Sutherland Healthcare Solutions, Inc.",2020,342197,medical,theft
Bay Park Hospital,2020,594,medical,lost
Walgreen Co.,2020,540,medical,it incident
"David DiGiallorenzo, D.M.D.",2020,11000,medical,hacked
Rady Children's Hospital - San Diego,2020,14121,medical,hacked
D&J Optical Inc.,2020,1100,organization,lost
Highmark Inc.,2020,2589,medical,hacked
"InSync Computer Solutions, Inc.",2020,50918,medical,hacked
Minneapolis VA Health Care System,2020,500,medical,data breach
Administracion de Seguros de Salud - Triple S Salud Inc (BA),2020,7911,organization,data breach
"StayWell Health Management, LLC",2020,4487,medical,hacked
Jersey City Medical Center - Barnabas Health,2020,36400,medical,hacked
"PST Services Inc, a McKesson Co.",2020,10104,medical,hacked
Kaiser Foundation Health Plan of Colorado,2020,11551,medical,hacked
"CareAll Management, LLC",2020,28300,medical,hacked
Iron Mountain Records Management,2020,1674,medical,data breach
Iron Mountain Incorporated,2020,10000,medical,hacked
University Health,2020,6073,medical,hacked
Tri-City Medical Center,2020,500,organization,hacked
Dennis Flynn MD,2020,13646,organization,hacked
Specialty Clinics Of Georgia - Orthopaedics,2020,2350,organization,lost
Aventura Hospital and Medical Center,2020,948,medical,hacked
Midwest Womens Healthcare Specialist,2020,1376,medical,it incident
Metropolitan Government of Nashville and Davidson County (Metro) Public Health Department,2020,1717,medical,hacked
Memorial Hermann Health System,2020,10604,organization,hacked
Emdeon,2020,566,medical,data breach
The WellPoint Affiliated Covered Entities,2020,1464,organization,it incident
"Thomas Cristello, Chiropractor PC",2020,914,medical,lost
"ENT Partners of Texas (legally known as Irving-Coppell Ear, Nose and Throat) ",2020,789,medical,hacked
South Suburban HIV/AIDS Regional Clinics,2020,767,medical,theft
"Research Integrity, LLC",2020,4077,medical,hacked
Madison Street Provider Network,2020,523,organization,it incident
"Compassionate Care Hospice of Central Louisiana, LLC",2020,707,organization,hacked
"American Family Care, Inc.",2020,2588,medical,hacked
"U.S. Health Holdings, Ltd. o/b/o Macomb County, Michigan",2020,6302,medical,data breach
"Touchstone Medical Imaging, LLC",2020,307528,medical,hacked
Albertina Kerr Centers,2020,1320,organization,it incident
Vcarve LLC d/b/a MD Manage,2020,585,medical,lost
VARO Healthcare,2020,1667,medical,hacked
vonica chau DDS PA,2020,810,medical,hacked
University of California Davis Medical Center,2020,1326,medical,data breach
South Texas Veterans Health Care System,2020,4000,medical,hacked
Cone Health Medical Group,2020,1872,medical,it incident
Region Six of the Georgia Department of Behavioral Health and Developmental Disabilities,2020,3397,medical,lost
Southwest Virginia Physicians for Women,2020,568,organization,hacked
"Quraishi, Nisar A ",2020,20000,medical,it incident
Weill Cornell Medical College,2020,3936,medical,data breach
Visionworks Inc.,2020,74944,medical,hacked
"Indian Health Service, Aberdeen Area Office",2020,40521,organization,it incident
Iron Mountain,2020,2691,medical,hacked
REEVE-WOODS EYE CENTER,2020,30000,medical,hacked
Kirkbride Center,2020,860,organization,hacked
"MetroPlus Health Plan, Inc.",2020,31980,medical,hacked
Visionworks Inc.,2020,47683,medical,lost
Northfield Hospital & Clinics,2020,1778,medical,theft
ReachOut Home Care [Case #16687],2020,4500,medical,hacked
Sony Pictures Entertainment Health and Welfare Benefits Plan (the Plan),2020,30000,medical,data breach
Clay County Hospital,2020,12621,medical,hacked
Walgreen Co.,2020,160000,organization,lost
"Mercy Medical Center Redding - Oncology Clinic, Privacy Manager Breach",2020,21000,medical,hacked
Northwestern Memorial HealthCare,2020,16025,organization,theft
Saint Louis County Department of Health,2020,4000,medical,hacked
Ministry of Health (Singapore),2019,"14,200",medical,poor security/inside job
Universiti Teknologi MARA,2019,"1,164,540",academic,hacked
Woodruff Arts Center,2019,0,organization,poor security
ElasticSearch,2019,"108,000,000",tech,poor security
Facebook,2019,"540,000,000",tech,poor security
2019 Bulgarian revenue agency hack,2019,"5,000,000",government,hacked
Adobe Inc.,2019,"7,500,000",tech,poor security
DoorDash,2019,"4,900,000",tech,hacked
Zynga,2019,"173,000,000",tech,hacked
Canva,2019,"140,000,000",tech,hacked
Cook County Health & Hospitals System,2019,"267,000,000",tech,poor security
Desjardins,2019,"2,900,000",organization,inside job
Airtel,2019,"320,000,000",techmunications,poor security
Quest Diagnostics,2019,"11,900,000",organization,poor security
MongoDB,2019,"275,000,000",tech,poor security
Capital One,2019,"106,000,000",organization,unsecured S3 bucket
Mobile TeleSystems (MTS),2019,"100,000,000",techmunications,misconfiguration/poor security
LifeLabs,2019,"15,000,000",medical,hacked
Justdial,2019,"100,000,000",tech,unprotected api
Microsoft,2019,"250,000,000",tech,data exposed by misconfiguration
Amazon Japan G.K.,2019,0,tech,accidentally published
Facebook,2019,"1,500,000",tech,accidentally uploaded
Health Sciences Authority (Singapore),2019,"808,000",medical,poor security
MongoDB,2019,"202,000,000",tech,poor security
Westpac,2019,"98,000",organization,hacked
First American Corporation,2019,"885,000,000",organization,poor security
StockX,2019,"6,800,000",organization,hacked
Truecaller,2019,"299,055,000",tech,unknown
Australian National University,2019,6935,academic,hacked
"IHC medical, Inc. dba Intermountain Life Flight",2019,857,medical,hacked
Seattle - King County Department of Public Health,2019,750,medical,hacked
James A. Fosnaugh,2019,2125,medical,theft
Lone Star Circle of Care,2019,1955,medical,hacked
Samaritan Regional Health System,2019,2203,organization,data breach
MED-EL Coproration,2019,609,organization,hacked
The Brookdale Hospital and Medical Center,2019,2700,medical,hacked
Anthem BCBS of GA,2019,5497,medical,hacked
Dermatology Associates of Tallahassee,2019,915,organization,lost
Carol L Patrick Ph. D.,2019,517,medical,hacked
Florida Department of Health,2019,2354,medical,it incident
Network Pharmacy Knoxville,2019,9602,organization,it incident
Saint Francis Hospital and Medical Center,2019,858,medical,hacked
The Brooklyn Hospital Center,2019,2172,medical,lost
Geisinger Bloomsburg Hospital,2019,3101,medical,hacked
Presence Health,2019,836,organization,hacked
"Supportive Concepts for Families, Inc.",2019,593,medical,hacked
"St. Vincent Hospital and Healthcare, Inc",2019,1142,medical,hacked
"StayWell Health Management, LLC",2019,1511,medical,hacked
Banner Health,2019,55207,organization,hacked
"HealthPartners Administrators, Inc.",2019,1699,medical,hacked
Talyst,2019,1079,organization,lost
Stoetzel's Planet Chiropractic,2019,1000,organization,it incident
"Myriad Genetic Laboratories, Inc.",2019,643,medical,hacked
Presence St. Joseph's Medical Center,2019,836,medical,theft
"University Urology, P.C.",2019,1144,medical,hacked
Flowers Hospital,2019,629,organization,theft
UMass Memorial Medical Center,2019,2387,medical,hacked
Options Counseling Center,2019,2828,organization,data breach
Elliot Health System,2019,1208,medical,hacked
Mark A. Gillispie,2019,5845,organization,hacked
"Doctors First Choice Billings, Inc.",2019,1831,organization,data breach
"St. Vincent Hospital and Health Care Center, Inc.",2019,63325,medical,theft
Indian Health Service -Rosebud,2019,620,medical,it incident
Self Regional Healthcare,2019,38906,medical,lost
Midwest Urological Group,2019,982,medical,theft
Portland VA Medical Center,2019,1740,organization,hacked
"Baptist Primary Care, Inc.",2019,1449,medical,lost
True Vision Eyecare,2019,542,medical,hacked
The Hearing Zone,2019,623,medical,it incident
Florida Department of Health,2019,2477,medical,hacked
"The Corvallis Clinic, P.C.",2019,41000,medical,hacked
Children's Eyewear Sight,2019,1030,organization,hacked
WordPress,2018,20000,tech,hacked
MyHeritage,2018,"92,283,889",organization,unknown
Cathay Pacific Airways,2018,"9,400,000",organization,hacked
Bell Canada,2018,"100,000",tech,hacked
Under Armour,2018,"150,000,000",organization,hacked
Bethesda Game Studios,2018,0,tech,accidentally published
Popsugar,2018,"123,857",organization,hacked
500px,2018,"14,870,304",teching,hacked
Orbitz,2018,"880,000",tech,hacked
BMO and Simplii,2018,"90,000",organization,poor security
Earl Enterprises,2018,"2,000,000",organization,hacked
SingHealth,2018,"1,500,000",government,hacked
AerServ (subsidiary of InMobi),2018,"75,000",advertising,hacked
Blank Media Games,2018,"7,633,234",tech,hacked
Dubsmash,2018,162 000000,tech,hacked
Facebook,2018,"50,000,000",tech,poor security
Quora,2018,"100,000,000",tech,hacked
Marriott International,2018,"500,000,000",organization,hacked
Exactis,2018,"340,000,000",organization,poor security
2018 British Airways cyberattack,2018,"500,000",organization,hacked
Reddit,2018,0,tech,hacked
Google Plus,2018,"500,000",tech,poor security
Centers for Medicare & Medicaid Services,2018,"75,000",medical,hacked
Ticketfly (subsidiary of Eventbrite),2018,"26,151,608",organization,hacked
Typeform,2018,0,tech,poor security
HauteLook,2018,"28,517,244",organization,hacked
United States Postal Service,2018,"60,000,000",government,poor security
Air Canada,2018,"20,000",organization,hacked
Patterson Dental Supply/Patterson Companies,2018,6400,medical,theft
ZDI,2018,14829,medical,data breach
Indiana University Health Arnett,2018,10350,medical,it incident
Sonoma Valley Hospital,2018,1386,organization,hacked
Lincoln County Health and Human Services/Lincoln Community Health Center,2018,959,medical,hacked
"Medtronic, Inc.",2018,2764,organization,hacked
Louisiana State University Health Care Services Division,2018,6994,medical,hacked
Health Resources of Arkansas,2018,1911,medical,data breach
"Cogent Healthcare, Inc.",2018,32000,medical,hacked
PHMHS,2018,5000,medical,lost
Advocate Health and Hospitals Corporation d/b/a Advocate Medical Group,2018,2029,medical,theft
"Paul G. Klein, DPM",2018,2500,medical,data breach
Schuylkill Health System,2018,2810,medical,hacked
Broward Health Medical Center,2018,960,medical,it incident
Associated Urologists of North Carolina,2018,7300,organization,data breach
UPMC,2018,1279,organization,hacked
Molina Healthcare In,2018,1499,medical,hacked
Barry University,2018,9017,medical,lost
COMPLETE MEDICAL HOMECARE,2018,1700,organization,hacked
"Min Yi, M.D.",2018,4676,medical,hacked
University of California Davis Medical Center,2018,2269,organization,lost
"Todd M. Burton, M.D.",2018,5000,medical,hacked
"San Francisco General Hospital & Trauma Center, Privacy Manager Breach",2018,55900,medical,hacked
"Healthy Connections, Inc",2018,793,medical,it incident
Willis North America Inc. Medical Expense Benefit Plan,2018,4830,organization,hacked
MDF Transcription Services,2018,15265,medical,hacked
Santa Rosa Memorial Hospital,2018,33702,organization,data breach
"Colorado Neurodiagnostics, PLLC",2018,750,medical,it incident
VA Long Beach Healthcare System,2018,592,organization,hacked
Dr. Veronica Joann Barber,2018,4000,organization,hacked
"PRN Medical Services, LLC dba Symbius Medical, LLC",2018,13877,organization,hacked
Onsite Health Diagnostics (OHD),2018,60582,organization,hacked
"Bulloch Pediatric Group, LLC",2018,10000,medical,data breach
New Mexico VA Health Care System,2018,2657,medical,hacked
Colorado Department of Health Care Policy & Financing,2018,15380,medical,hacked
Memorial Healthcare System,2018,1782,medical,it incident
"Computer Programs and Systems, Inc. ",2018,25764,medical,hacked
Independence Blue Cross and AmeriHealth New Jersey,2018,12450,organization,hacked
University Hospitals,2018,833,medical,it incident
Uber,2017,"57,000,000",organization,hacked
Bell Canada,2017,"1,900,000",tech,poor security
"Gary C. Spinks, DMD, PC",2017,"1,000",medical,hacked
Taringa!,2017,"28,722,877",tech,hacked
Defense Integrated Data Center (South Korea),2017,246415360,military,hacked
Deloitte,2017,3505214,"consulting, accounting",poor security
Heathrow Airport,2017,2621440,organization,lost / stolen media
Grozio Chirurgija,2017,"25,000",medical,hacked
Equifax,2017,"163,119,000",organization,poor security
"HealthCare for Women, Inc.",2017,8727,medical,hacked
UMASSAmherst,2017,1670,medical,hacked
"Horizon Healthcare Services, Inc., doing business as Horizon Blue Cross Blue Shield of New Jersey, and its affiliates",2017,839711,organization,hacked
Cook County Health & Hospitals System,2017,22511,medical,theft
"Triple-C, Inc.",2017,8000,medical,theft
"Lewis J. Sims, DPM, PC dba Sims and Associates Podiatry ",2017,6475,medical,data breach
Inspira Health Network Inc.,2017,1411,organization,hacked
"HealthPartners Administrators, Inc.",2017,715,medical,theft
Sutherland Healthcare Solutions,2017,55900,medical,hacked
"State Long Term Care Ombudsmans Office, Michigan Department of Community Health",2017,2595,medical,hacked
Reading Health System,2017,1845,medical,hacked
OptumRx,2017,5696,medical,it incident
Open Cities Health Center,2017,1304,medical,theft
"Central Dermatology Center, P.A.",2017,76258,medical,data breach
Brigham and Women's Hospital,2017,999,medical,theft
"District Medical Group, Privacy Manager Breach",2017,616,organization,data breach
"Aspire Indiana, Inc.",2017,43890,medical,it incident
University of Central Florida,2016,"63,000",academic,hacked
TaxSlayer.com,2016,"8,800",tech,hacked
US Department of Homeland Security,2016,"30,000",government,poor security
Rosen Hotels,2016,0,organization,hacked
21st Century Oncology,2016,"2,200,000",medical,hacked
"University of California, Berkeley",2016,"80,000",academic,hacked
Democratic National Committee,2016,"19,252",organization,unknown
Philippines Commission on Elections,2016,"55,000,000",government,hacked
Weebly,2016,"43,430,316",tech,hacked
Friend Finder Networks,2016,"412,214,295",tech,poor security / hacked
Apple Health Medicaid,2016,"91,000",medical,poor security
Ofcom,2016,0,tech,inside job
Nival Networks,2016,"1,500,000",tech,hacked
Taobao,2016,"20,000,000",organization,hacked
Central Coast Credit Union,2016,"60,000",organization,hacked
EyeWire,2016,0,tech,lost / stolen computer
Gyft,2016,0,tech,hacked
KM.RU,2016,"1,500,000",tech,hacked
Inuvik hospital,2016,"6,700",medical,inside job
Verizon Communications,2016,"1,500,000",tech,hacked
Cox Communications,2016,"40,000",tech,hacked
Goold Health System (Goold),2016,6332,organization,lost
"QuickRunner, Inc. (dba, RoadRunner Mailing Services)",2016,2455,organization,hacked
Kmart Corporation,2016,12542,medical,hacked
PORTAL HEALTHCARE SOLUTIONS LLC,2016,2360,organization,hacked
Raleigh Orthopaedic Clinic,2016,17300,medical,hacked
Regional Medical Center,2016,1180,medical,hacked
Sheet Metal Local 36 Welfare Fund,2016,4560,organization,lost
"InfoCrossing, Inc.",2016,1357,medical,hacked
Elbowoods Memorial Health Center,2016,10000,organization,lost
Atlanta Center for Reproductive Medicine,2016,654,medical,hacked
St. Anthony's Physician Organization,2016,2600,organization,it incident
"Access Counseling, LLC",2016,566,medical,hacked
Bronx Lebanon Hospital Center,2016,10930,medical,hacked
UHS-Pruitt Corporation,2016,1300,medical,theft
Redwood Memorial Hospital,2016,1039,medical,hacked
Wyoming Department of Health,2016,11935,organization,it incident
Wyoming Department of Health,2016,11935,organization,hacked
Colorado Community Health Alliance (CCHA)/Physicians Health Partners,2016,1918,medical,hacked
Data Media,2016,600,medical,hacked
Triple S Salud Inc.,2016,7911,medical,hacked
Group Health Plan of Hurley Medical Center,2016,2289,medical,it incident
Rady Children's Hospital - San Diego,2016,6307,medical,hacked
The Union Labor Life Insurance Company,2016,42713,medical,hacked
Montana Department of Public Health & Human Services,2016,1062509,organization,lost
Rite Aid Store 5256,2016,522,medical,hacked
"24 ON Physicians, PC/In Compass Health,Inc.",2016,520,medical,data breach
Valesco Ventures,2016,82601,medical,hacked
Kmart Corporation,2016,1866,medical,hacked
M&M Computer Services,2016,4500,organization,hacked
City of Dallas Fire-Rescue Department,2016,1000,medical,hacked
"Jessie Trice Community Health Center, Inc.",2016,7888,organization,hacked
Premera,2015,"11,000,000",medical,hacked
Scottrade,2015,"4,600,000",organization,hacked
Excellus BlueCross BlueShield,2015,"10,000,000",medical,hacked
Xat.com,2015,"6,054,459",tech,social engineering
Slack,2015,"500,000",tech,poor security
Patreon,2015,"2,300,000",tech,hacked
CVS,2015,2000000,organization,hacked
Starwood Hotels including Westin Hotels and Sheraton hotel,2015,54215,organization,hacked
CareFirst BlueCross Blue Shield - Maryland,2015,"1,100,000",medical,hacked
Walmart,2015,"1,300,000",organization,hacked
Australian Immigration Department,2015,0,government,accidentally published
VTech,2015,"5,000,000",organization,hacked
Wendy's,2015,0,organization,hacked
Hyatt Hotels,2015,250,organization,hacked
Ashley Madison,2015,"32,000,000",tech,hacked
Experian - T-Mobile US,2015,"15,000,000",tech,hacked
Internal Revenue Service,2015,"720,000",organization,hacked
Natural Grocers,2015,935641,organization,hacked
H.E.L.P. Financial Corporation,2015,"9,475",organization,Unauthorized access
Anthem Inc.,2015,"80,000,000",medical,hacked
Twitch,2015,0,tech,hacked
"UCLA Medical Center, Santa Monica",2015,"4,500,000",medical,hacked
US Office of Personnel Management,2015,"21,500,000",government,hacked
"Landry's, Inc.",2015,500,organization,hacked
British Airways,2015,100000,organization,hacked
Ancestry.com,2015,"300,000",tech,poor security
Medical Informatics Engineering,2015,"3,900,000",medical,hacked
Bailey's Inc.,2015,"250,000",organization,hacked
Maine Medical Center,2015,1920,medical,hacked
Rite Aid #10217,2015,2600,medical,lost
TMG Health,2015,3794,medical,hacked
"E-dreamz, Inc.",2015,9988,medical,lost
Long Beach Memorial Medical Center,2015,2864,medical,hacked
Hansen and Associates,2015,2700,medical,lost
Harris County,2015,21000,medical,hacked
Young Family Medicine Inc.,2015,2045,medical,lost
Foundations Recovery Network,2015,5690,medical,theft
"InfoCrossing, Inc.",2015,25461,organization,hacked
"Sarah Benjamin, DPM - Littleton Podiatry",2015,3512,medical,it incident
HOPE Family Health,2015,6932,medical,hacked
TSYS Employee Health Plan,2015,5232,organization,hacked
"Reimbursement Technologies, Inc.",2015,2300,organization,hacked
Barnabas Health Medical Group,2015,1100,medical,hacked
Blue Cross and Blue Shield of North Carolina,2015,687,medical,hacked
SIU HealthCare,2015,1891,medical,hacked
Island Peer Review Organization,2015,9642,medical,lost
ZDI,2015,1674,medical,hacked
"New Mexico Oncology Hematology Consultants, LTD",2015,12354,organization,hacked
Tri Lakes Medical Center,2015,1489,organization,hacked
The University of Texas MD Anderson Cancer Center,2015,3598,organization,lost
Pair Networks Inc.,2015,8845,medical,lost
"The Kroger Co., for itself and its affiliates and subsidiaries",2015,504,medical,hacked
Mission City Community Network,2015,7800,medical,hacked
Triple-S Salud,2015,5795,organization,hacked
American Health Inc.,2015,17776,medical,hacked
"Clinical Reference Laboratory, Inc.",2015,979,organization,hacked
Shaker Clinic,2015,617,medical,data breach
"Ladies First Choice, Inc.",2015,2365,medical,lost
"NFP Maschino, Hudelson & Associates",2015,3814,medical,hacked
Salina Health Education dba Salina Healthcare Center,2015,9640,organization,it incident
Penn State Milton S. Hershey Medical Center,2015,1801,organization,hacked
"Abrham Tekola, M.D.,INC",2015,5471,medical,hacked
Riverside County Regional Medical Center,2015,563,medical,hacked
Cancer Specialists of Tidewater,2015,2318,medical,lost
Oklahoma City Indian Clinic,2015,6000,medical,hacked
"The Longstreet Clinic, P. C.",2015,720,medical,hacked
Duke University Health System,2015,10993,organization,it incident
Mount Sinai Beth Israel,2015,10793,medical,data breach
NYU Urology Associates,2015,835,organization,hacked
MD Manage (Vcarve LLC),2015,35357,medical,lost
Coordinated Health,2015,13907,organization,hacked
Colorado River Indian Tribes,2015,1296,medical,hacked
Pediatric Gastroenterology Consultants,2015,5000,medical,hacked
"University of Maryland, College Park",2014,"300,000",academic,hacked
LexisNexis,2014,"1,000,000",tech,hacked
Michaels,2014,"3,000,000",organization,hacked
European Central Bank,2014,0,organization,hacked
Trump Hotels,2014,8,organization,hacked
Supervalu,2014,200,organization,hacked
Uber,2014,"50,000",tech,poor security
Mozilla,2014,"76,000",tech,poor security
Yahoo,2014,"500,000,000",tech,hacked
AOL,2014,"2,400,000",tech,hacked
Mandarin Oriental Hotels,2014,10523,organization,hacked
New York Taxis,2014,"52,000",organization,poor security
Sony Pictures,2014,104857600,tech,hacked
Gmail,2014,"5,000,000",tech,hacked
Home Depot,2014,"56,000,000",organization,hacked
Community Health Systems,2014,"4,500,000",medical,hacked
Domino's Pizza (France),2014,"600,000",tech,hacked
JP Morgan Chase,2014,"76,000,000",organization,hacked
MacRumors.com,2014,"860,000",tech,hacked
Hilton Hotels,2014,"363,000",organization,hacked
NASDAQ,2014,0,organization,hacked
UPS,2014,51,organization,hacked
Korea Credit Bureau,2014,"20,000,000",organization,inside job
Neiman Marcus,2014,"1,100,000",organization,hacked
eBay,2014,"145,000,000",tech,hacked
North Los Angeles County Regional Center,2014,18162,organization,hacked
University of Florida,2014,14519,medical,theft
Hospice and Palliative Care Center of Alamance Caswell,2014,5370,organization,lost
Schneck Medical Center,2014,3131,medical,hacked
Hope Hospice,2014,818,medical,hacked
City of Norwood,2014,9577,medical,hacked
Just the Connection Inc,2014,5388,organization,it incident
Erskine Family Dentistry,2014,2723,medical,hacked
RCR Technology Corporation,2014,187533,medical,it incident
Oregon Health & Science University,2014,1361,organization,hacked
Hancock OB/GYN,2014,1396,medical,hacked
North Texas Comprehensive Spine & Pain Center,2014,3200,medical,hacked
Olson & White Orthodontics,2014,10000,medical,data breach
Dermatology Associates of Tallahassee,2014,915,medical,hacked
"NHC HealthCare, Oak Ridge",2014,4268,medical,hacked
UnityPoint Health Affiliated,2014,1825,medical,data breach
Mount Sinai Medical Center,2014,610,medical,hacked
Good Samaritan Hospital,2014,3833,medical,lost
Jones Chiropractic and Maximum Health,2014,1500,medical,theft
Shiloh Medical Clinic,2014,1900,medical,theft
PruittHealth Pharmacy Services,2014,841,organization,it incident
St. Joseph Health System,2014,3300,medical,it incident
Detroit Medical Center - Harper University Hospital,2014,1087,organization,lost
"Service Coordination, Inc.",2014,10766,medical,hacked
Inclusion Research Institute,2014,2200,medical,hacked
"NRAD Medical Associates, P.C.",2014,97000,organization,hacked
Alabama Department of Public Health,2014,1200,organization,theft
"Urological Associates of Southern Arizona, P.C.",2014,3529,medical,hacked
Apple Valley Care Center,2014,1251,medical,it incident
Iron Mountain,2014,49714,medical,it incident
Emdeon,2014,800,organization,it incident
New York City Health & Hospitals Corporation,2014,10058,organization,theft
mdINR LLC,2014,1859,medical,lost
Alaska Department of Health and Social Services,2013,501,medical,hacked
OVH,2013,0,tech,hacked
Target Corporation,2013,"110,000,000",organization,hacked
Central Hudson Gas & Electric,2013,"110,000",organization,hacked
Citigroup,2013,"150,000",organization,poor security
TerraCom & YourTel,2013,"170,000",tech,accidentally published
Florida Department of Juvenile Justice,2013,"100,000",government,lost / stolen computer
Facebook,2013,"6,000,000",tech,accidentally published
Scribd,2013,"500,000",tech,hacked
Evernote,2013,"50,000,000",tech,hacked
Ubuntu,2013,"2,000,000",tech,hacked
"Crescent Health Inc., Walgreens",2013,"100,000",medical,lost / stolen computer
Nintendo (Club Nintendo),2013,"240,000",tech,hacked
SnapChat,2013,"4,700,000",tech,hacked
Twitter,2013,"250,000",tech,hacked
Apple,2013,"275,000",tech,hacked
Drupal,2013,"1,000,000",tech,hacked
Living Social,2013,"50,000,000",tech,hacked
Albert Einstein Healthcare Network,2013,613,medical,theft
Yahoo Japan,2013,"22,000,000",tech,hacked
Vodafone,2013,"2,000,000",tech,inside job
Advocate Medical Group,2013,"4,000,000",medical,lost / stolen media
Washington State court system,2013,"160,000",government,hacked
Tumblr,2013,"65,469,298",tech,hacked
Yahoo,2013,"3,000,000,000",tech,hacked
South Africa police,2013,"16,000",government,hacked
Dun & Bradstreet,2013,"1,000,000",tech,hacked
Adobe Systems,2013,"152,000,000",tech,hacked
Kirkwood Community College,2013,"125,000",academic,hacked
Kroll Background America,2013,"1,000,000",tech,hacked
Ubisoft,2013,0,tech,hacked
South Miami Hospital,2013,834,medical,hacked
Lancaster General Medical Group,2013,527,medical,theft
Sports Rehabilitation Consultants,2013,1200,medical,lost
University of Connecticut Health Center,2013,1382,medical,hacked
"United HomeCare Services, Inc.",2013,12299,medical,it incident
Connextions c/o Anthem BCBS,2013,1678,organization,hacked
Mount Sinai Medical Center,2013,628,medical,hacked
"Thomas L. Davis, Jr. DDS",2013,3269,medical,it incident
M&C Children's Clinic PA,2013,0,medical,hacked
Oregon Health & Science University,2013,2400,organization,it incident
"Sunil Kakar, Psy.D.",2013,697,organization,hacked
"Shands Jacksonville Medical Center, Inc.",2013,1025,medical,hacked
Wood County Hospital,2013,2500,organization,hacked
Independence Care System,2013,2434,organization,data breach
Fayetteville VAMC,2013,1093,medical,hacked
"Health Net, Inc.",2013,8331,organization,hacked
Jesle Kuizon,2013,800,medical,it incident
Jackson Health System,2013,1471,medical,lost
Valperaiso Fire Department,2013,2500,organization,hacked
Sierra View District Hospital,2013,1009,medical,lost
Region Ten Community Services Board,2013,10228,organization,theft
Comprehensive Podiatry LLC,2013,1360,medical,hacked
Santa Clara Valley Medical Center,2013,579,medical,hacked
"Reconstructive Orthopaedic Associates II, P.C. d/b/a Rothman Institute",2013,2350,organization,lost
SSM Health Care of Wisconsin DBA: St. MaryâÑ_âÑ_âÑ_s Janesville Hospital,2013,631,medical,hacked
Advocate Health and Hospitals Corporation,2013,2237,medical,lost
Allina Health,2013,3807,medical,hacked
Triple S Salud Inc.,2013,13336,organization,data breach
New Jersey Department of Human Services,2013,9825,medical,lost
"Molina Healthcare of Texas, Inc.",2013,40000,organization,it incident
North Carolina Department of Health and Human Services,2013,48752,medical,lost
Medical Mutual of Ohio,2013,1420,organization,hacked
Health Care Solutions at Home Inc.,2013,1139,organization,it incident
Joseph Michael Benson M.D,2013,7500,medical,theft
Eureka Internal Medicine,2013,3534,organization,hacked
"Orlando Health, Inc.",2013,586,organization,hacked
Susquehanna Health,2013,657,medical,hacked
"Policy Studies, Inc. / Postal Center International, Inc.",2013,580,medical,data breach
"Courier Express/Atlanta, Courier Express/Charlotte & Courier Express US, Inc.",2013,2523,organization,hacked
KEYSTONE INSURERS GROUP,2013,1008,organization,data breach
Howard L. Weinstein D.P.M.,2013,1000,medical,it incident
Humana Inc [case #15381],2013,2962,medical,hacked
NYU Hospitals Center,2013,872,medical,data breach
Western Regional Center for Brain and Spine Surgery,2013,12000,medical,hacked
University of Pennsylvania Health System,2013,661,medical,hacked
Xand Corporation,2013,3334,medical,it incident
MobilexUSA,2013,605,organization,lost
Children's Mercy Hospital,2013,4067,organization,lost
"Steven A. Goldman, MD Inc.",2013,6141,medical,hacked
Group Health Incorporated,2013,802,medical,theft
AltaMed medical Corporation,2013,3206,medical,hacked
Cedars-Sinai Health System,2013,33136,organization,lost
Santa Fe Medical Group,2013,843,organization,hacked
Loi Luu,2013,13177,organization,lost
St. Mary Mercy Hospital,2013,1488,organization,it incident
Tennessee Rural Health Improvement Association,2013,79000,medical,hacked
Militarysingles.com,2012,"163,792",tech,accidentally published
Zappos,2012,"24,000,000",tech,hacked
Global Payments,2012,"7,000,000",organization,hacked
Office of the Texas Attorney General,2012,"6,500,000",government,accidentally published
South Carolina Government,2012,"6,400,000",medical,inside job
Yahoo! Voices,2012,"450,000",tech,hacked
"Apple, Inc./BlueToad",2012,"12,367,232",tech,accidentally published
Formspring,2012,"420,000",tech,accidentally published
"Iranian banks (three: Saderat, Eghtesad Novin, and Saman)",2012,"3,000,000",organization,hacked
California Department of Child Support Services,2012,"800,000",government,lost / stolen media
US Medicaid,2012,"780,000",government,hacked
Gamigo,2012,"8,000,000",tech,hacked
TD Bank,2012,"260,000",organization,hacked
Massive American business hack including 7-Eleven and Nasdaq,2012,"160,000,000",organization,hacked
Barnes & Noble,2012,63564564,organization,hacked
Greek government,2012,"9,000,000",government,hacked
KT Corporation,2012,"8,700,000",tech,hacked
Emory Healthcare,2012,"315,000",medical,poor security
Dropbox,2012,"68,648,009",tech,hacked
New York State Electric & Gas,2012,"1,800,000",organization,inside job
Blizzard Entertainment,2012,"14,000,000",tech,hacked
Syrian government (Syria Files),2012,"2,434,899",government,hacked
Rambler.ru,2012,"98,167,935",tech,hacked
"LinkedIn, eHarmony, Last.fm",2012,"8,000,000",tech,accidentally published
Texas Tech Unversity Health Sciences Center,2012,629,medical,hacked
SynerMed / Inland Valleys IPA,2012,3164,medical,data breach
"Community Support Services, Inc.",2012,1167,medical,hacked
Lucile Packard Children's Hospital,2012,12900,medical,theft
Alberto Gerardo Vazquez Rivera,2012,679,medical,hacked
Louisiana State University Health Care Services Division,2012,5000,organization,it incident
California Correctional Health Care Services,2012,1033,medical,hacked
"South Shore Physicians, PC",2012,8000,medical,hacked
"Holy Cross Hospital, Inc.",2012,9900,organization,it incident
"University of California, San Francisco",2012,3553,medical,it incident
Healthcare Management System,2012,4330,organization,hacked
Ferris State University - MI College of Optometry,2012,3947,medical,lost
"United Dynacare, LLC dba Dynacare Laboratories",2012,9328,medical,hacked
"Molina Healthcare of Texas, Inc.",2012,2826,medical,hacked
Jeff Spiegel,2012,832,medical,data breach
Sentara Healthcare,2012,3861,medical,data breach
Hospital for Special Surgery,2012,937,medical,it incident
"Easter Seal Society of Superior California, Privacy Manager Breach",2012,3026,organization,hacked
"Care Advantage, Inc.",2012,3458,medical,lost
"Cornerstone Health Care, PA",2012,548,medical,it incident
Jewish Hospital,2012,2992,medical,hacked
Franciscan Medical Group,2012,8300,medical,it incident
"Midwest Orthopaedics at Rush, LLC",2012,1256,organization,hacked
American Health Inc.,2012,11531,medical,lost
Central City Concern,2012,17914,medical,hacked
Jamaica Hospital Medical Center,2012,26162,medical,hacked
"Sloane Stecker Physical Therapy, PC",2012,2000,medical,lost
Haley Chiropractic Clinic,2012,6000,medical,it incident
Wm. Jennings Bryan Dorn VA Medical Center,2012,3637,medical,theft
"Seven Counties Services, Inc.",2012,727,medical,hacked
"Multilingual Psychotherapy Centers, Inc",2012,3500,medical,theft
AdminisTEP,2012,4469,organization,it incident
North Big Horn Hospital,2012,1607,medical,hacked
"Murali Menon, Privacy Manager Breach",2012,6051,medical,hacked
Nemours Foundation,2011,"1,055,489",medical,lost / stolen media
Steam,2011,"35,000,000",tech,hacked
Nexon Korea Corp,2011,"13,200,000",tech,hacked
Accendo Insurance Co.,2011,"175,350",medical,poor security
U.S. law enforcement (70 different agencies),2011,"123,461",government,accidentally published
Sutter Medical Center,2011,"4,243,434",medical,lost / stolen computer
Morgan Stanley Smith Barney,2011,"34,000",organization,lost / stolen media
Health NetÒ¥ IBM,2011,"1,900,000",medical,lost / stolen media
Sony Online Entertainment,2011,"24,600,000",tech,hacked
University of WisconsinÑMilwaukee,2011,"73,000",academic,hacked
San Francisco Public Utilities Commission,2011,"180,000",government,hacked
Honda Canada,2011,"283,000",organization,poor security
Sega,2011,"1,290,755",tech,hacked
Writerspace.com,2011,"62,000",tech,hacked
Spartanburg Regional Healthcare System,2011,"400,000",medical,lost / stolen computer
Oregon Department of Transportation,2011,0,government,poor security
Memorial Healthcare System,2011,"102,153",medical,lost / stolen media
Bethesda Game Studios,2011,"200,000",tech,hacked
"Chinese tech websites (three: Duowan, 7K7K, 178.com)",2011,"10,000,000",tech,hacked
China Software Developer Network,2011,"6,000,000",tech,hacked
Citigroup,2011,"360,083",organization,hacked
Massachusetts Government,2011,"210,000",government,poor security
Tricare,2011,"4,901,432",medical,lost / stolen computer
Southern California Medical-Legal Consultants,2011,"300,000",medical,hacked
Sony Pictures,2011,"1,000,000",tech,hacked
Stratfor,2011,"935,000",military,accidentally published
Washington Post,2011,"1,270,000",tech,hacked
U.S. Army,2011,"50,000",military,accidentally published
Restaurant Depot,2011,"200,000",organization,hacked
NHS,2011,"8,300,000",medical,lost / stolen media
State of Texas,2011,"3,500,000",government,accidentally published
Sony PlayStation Network,2011,"77,000,000",tech,hacked
Tianya Club,2011,"28,000,000",tech,hacked
Eisenhower Medical Center,2011,"514,330",medical,lost / stolen computer
Countrywide Financial Corp,2011,"2,500,000",organization,inside job
University of Mississippi Medical Center,2011,500,medical,data breach
Granger Medical Clinic,2011,2600,medical,data breach
The Guidance Center of Westchester,2011,1416,medical,it incident
Digital Archive Management,2011,189489,medical,theft
Bon Secours Mary Immaculate Hospital,2011,5764,medical,it incident
Union Security Insurance Company,2011,1127,medical,lost
Sutter Health East Bay Region,2011,4479,medical,it incident
UT Physicians,2011,596,medical,theft
Janna Benkelman LPC LLC,2011,1500,medical,hacked
Dreyer Medical Clinic,2011,998,medical,hacked
Mount SInai Medical Center,2011,1586,medical,theft
BriovaRx,2011,1067,organization,theft
"North Country Hospital and Health Center, Inc",2011,550,medical,hacked
Rotech Healthcare Inc.,2011,10680,organization,hacked
"Superior HealthPlan, Inc.",2011,6284,medical,hacked
Hospice of the Chesapeake,2011,7606,medical,it incident
Health Fitness Corporation,2011,4837,medical,hacked
"University of California, San Francisco",2011,8294,medical,lost
Kaiser Foundation Hospital- Orange County,2011,49000,medical,hacked
Colby DeHart,2011,2777,organization,it incident
Tranquility Counseling Services,2011,1683,medical,hacked
Kmart Corporation,2011,16446,medical,hacked
University of Miami,2011,13074,medical,data breach
"StayWell Health Management, LLC",2011,520,medical,hacked
"PracMan, Inc.",2011,1145,organization,hacked
"University of California, San Francisco",2011,9861,organization,it incident
Valley View Hospital Association,2011,5415,medical,hacked
"StayWell Health Management, LLC",2011,1746,organization,it incident
HealthPartners Inc,2011,27839,medical,hacked
"HealthPartners Administrators, Inc.",2011,796,medical,hacked
KP Northern CA Department of Research,2011,5178,organization,lost
"Amerigroup Texas, Inc. ",2011,75026,medical,lost
BLUE CROSS AND BLUE SHIELD OF KANSAS CITY,2011,2546,medical,lost
IHS,2011,5000,organization,theft
Administracion de Seguros de Salud - Triple S Salud Inc (BA),2011,46473,medical,hacked
VGM Homelink,2011,1400,medical,data breach
"Tufts Associated Health Maintenance Organization, Inc. and Tufts Insurance Company ",2011,8830,medical,hacked
Sorenson Communications/CaptionCall Group Health Plan,2011,9800,medical,theft
Baylor Regional Medical Center at Plano,2011,1981,medical,lost
"Ferguson Advertising, Inc.",2011,1361,medical,hacked
Iowa Medicaid Enterprise,2011,862,organization,it incident
Triple-S Salud,2011,56853,medical,lost
St. Francis Hospital,2011,1175,medical,hacked
"Doctors First Choice Billings, Inc",2011,9255,medical,hacked
Baylor Medical Center at Carrollton,2011,2874,medical,hacked
IHS,2011,620,medical,lost
Bay Area Pain Medical Associates,2011,2780,organization,hacked
Midwest Orthopaedic Center SC,2011,680,organization,hacked
Diamond Computing Company,2011,7016,medical,it incident
Central Utah Clinic,2011,31677,medical,theft
Community Health Systems Professional Services Corporation,2011,4500000,medical,theft
St. Elizabeth's Medical Center,2011,595,organization,lost
Temple University Physicians,2011,3780,medical,hacked
Bon Secours Kentucky,2011,697,medical,hacked
"Xerox State Healthcare, LLC",2011,2000000,medical,hacked
Tampa General Hospital,2011,675,medical,lost
Graybill Medical Group,2011,1863,medical,lost
Burlington Northern Santa Fe Group Benefits Plan,2011,507,medical,hacked
VA Corporate Data Center Operations/Austin Information Technology Center,2011,7029,medical,lost
Henry Ford Health System,2011,500,organization,theft
